{
	"class_name" : "PinholeCameraParameters",
	"extrinsic" : 
	[
		-0.31537782577576634,
		0.27548608852558382,
		0.90809924679950293,
		0.0,
		0.66394840102215291,
		-0.61965590671636828,
		0.41856788941776446,
		0.0,
		0.67801869280210614,
		0.73493807378607734,
		0.012517184608910695,
		0.0,
		4.0245584642661925e-16,
		3.3306690738754696e-16,
		9.1778838934357747,
		1.0
	],
	"intrinsic" : 
	{
		"height" : 1080,
		"intrinsic_matrix" : 
		[
			935.30743608719376,
			0.0,
			0.0,
			0.0,
			935.30743608719376,
			0.0,
			959.5,
			539.5,
			1.0
		],
		"width" : 1920
	},
	"version_major" : 1,
	"version_minor" : 0
}