{
	"class_name" : "PinholeCameraParameters",
	"extrinsic" : 
	[
		0.7748990812758394,
		-0.47085384959959398,
		0.42169665181870158,
		0.0,
		-0.63150213645994835,
		-0.60535037734674357,
		0.48451622500456709,
		0.0,
		0.027137897567445862,
		-0.64175351418079385,
		-0.76643066323850895,
		0.0,
		-0.0,
		2.2204460492503131e-16,
		3.8212316662258146,
		1.0
	],
	"intrinsic" : 
	{
		"height" : 1080,
		"intrinsic_matrix" : 
		[
			935.30743608719376,
			0.0,
			0.0,
			0.0,
			935.30743608719376,
			0.0,
			959.5,
			539.5,
			1.0
		],
		"width" : 1920
	},
	"version_major" : 1,
	"version_minor" : 0
}