{
	"class_name" : "PinholeCameraParameters",
	"extrinsic" : 
	[
		-0.63581038515004407,
		-0.45952492207124973,
		0.62014675692997434,
		0.0,
		0.057830498361948368,
		-0.82956328908673949,
		-0.55541010330997709,
		0.0,
		0.76967576783640623,
		-0.31727211569093572,
		0.55401950959369306,
		0.0,
		-0.0,
		2.2204460492503131e-16,
		6.1848763056992508,
		1.0
	],
	"intrinsic" : 
	{
		"height" : 1080,
		"intrinsic_matrix" : 
		[
			935.30743608719376,
			0.0,
			0.0,
			0.0,
			935.30743608719376,
			0.0,
			959.5,
			539.5,
			1.0
		],
		"width" : 1920
	},
	"version_major" : 1,
	"version_minor" : 0
}