{
	"class_name" : "PinholeCameraParameters",
	"extrinsic" : 
	[
		-0.44623498782894905,
		0.30465745787014969,
		0.84146192367890049,
		0.0,
		-0.89479501238947612,
		-0.13644221928060918,
		-0.42511810900113345,
		0.0,
		-0.014704470075970769,
		-0.94263850661952076,
		0.33349126584950428,
		0.0,
		7.3552275381416621e-16,
		4.4408920985006262e-16,
		9.9537099900573089,
		1.0
	],
	"intrinsic" : 
	{
		"height" : 1080,
		"intrinsic_matrix" : 
		[
			935.30743608719376,
			0.0,
			0.0,
			0.0,
			935.30743608719376,
			0.0,
			959.5,
			539.5,
			1.0
		],
		"width" : 1920
	},
	"version_major" : 1,
	"version_minor" : 0
}